--
-- Data (DML)
--
BEGIN TRANSACTION;

INSERT INTO Provincia (sigla, nome) VALUES
  ('AN', 'Ancona')
, ('AP', 'Ascoli Piceno')
, ('FM', 'Fermo')
, ('MC', 'Macerata')
, ('PU', 'Pesaro - Urbino')
, ('BAT', 'Barletta - Andria - Trani')
, ('CO', 'Como')
;

INSERT INTO Comune VALUES
  ('A271', 'Ancona', 'AN')
, ('H769', 'San Benedetto del Tronto', 'AP')
, ('C770', 'Civitanova Marche', 'MC')
, ('G416', 'Peglio', 'PU')
, ('G415', 'Peglio', 'CO')
, ('E388', 'Jesi', 'AN')
, ('A462', 'Ascoli Piceno', 'AP')
;

INSERT INTO Caseificio VALUES
  (3, 'La vergara', 'Contrada delle fonti', 'A271', 43.6054244, 13.5072524, 'Angela A.')
, (2, 'Sabelli', 'Zona Industriale Basso Marino', 'A462', 42.845522215273355, 13.659563784583172, 'Carlo C.')
, (1, 'Trevalli Cooperlat', 'via Piandelmedico, 74', 'E388', 43.4933437194598, 13.218457084482411, 'Barbara B.')
; 

INSERT INTO Fotografia VALUES
  (1, 3, 'https://lavergara.it/site/wp-content/uploads/2021/05/logo_vergara_2021.jpg')
, (2, 3, 'https://lavergara.it/site/wp-content/uploads/2021/05/PHN_4213_risultato.jpg')
, (3, 1, 'https://www.trevalli.cooperlat.it/res/layout/images/logo.png')
, (4, 1, 'https://www.trevalli.cooperlat.it/media/1237/valmetauro-fior-di-monte-pecorino-semistagionato.png')
;

INSERT INTO Raccolta VALUES
  (3, '2022-02-02', 123)
, (3, '2022-02-03', 120)
, (3, '2022-02-04', 127)
, (3, '2021-02-03', 120)
, (3, '2020-02-03', 120)
, (1, '2022-02-03', 120)
, (1, '2022-02-04', 130)
, (1, '2022-02-05', 125)
, (1, '2022-02-06', 127)
, (1, '2021-02-03', 120)
, (1, '2020-02-03', 120)
;

INSERT INTO Forma VALUES
  (1, 1, '2018-01-02', 5, 1)
, (2, 1, '2018-01-25', 12, 2)
, (3, 1, '2018-02-07', 7, 1)
, (4, 1, '2018-02-15', 13, 2)
, (5, 1, '2018-02-20', 11, 3)
, (6, 1, '2018-03-15', 13, 1)
, (7, 1, '2018-03-23', 3, 2)
, (8, 1, '2018-04-12', 11, 1)
, (9, 1, '2018-04-13', 2, 2)
, (10, 1, '2018-04-23', 3, 3)
, (11, 1, '2018-05-05', 9, 1)
, (12, 1, '2018-05-24', 9, 2)
, (13, 1, '2018-05-25', 3, 3)
, (14, 1, '2018-05-25', 3, 4)
, (15, 1, '2018-06-24', 8, 1)
, (16, 1, '2018-07-02', 5, 1)
, (17, 1, '2018-07-26', 10, 2)
, (18, 1, '2018-08-27', 5, 1)
, (19, 1, '2018-08-27', 9, 2)
, (20, 1, '2018-08-27', 14, 3)
, (21, 1, '2018-08-27', 9, 4)
, (22, 1, '2018-09-19', 3, 1)
, (23, 1, '2018-09-26', 2, 2)
, (24, 1, '2018-10-22', 5, 1)
, (25, 1, '2018-11-27', 10, 1)
, (26, 1, '2018-11-27', 12, 2)
, (27, 1, '2018-11-27', 14, 3)
, (28, 1, '2018-12-18', 14, 1)
, (29, 1, '2019-01-09', 1, 1)
, (30, 1, '2019-01-13', 7, 2)
, (31, 1, '2019-01-27', 4, 3)
, (32, 1, '2019-02-08', 7, 1)
, (33, 1, '2019-02-11', 3, 2)
, (34, 1, '2019-02-14', 2, 3)
, (35, 1, '2019-03-17', 12, 1)
, (36, 1, '2019-03-24', 5, 2)
, (37, 1, '2019-03-26', 11, 3)
, (38, 1, '2019-04-22', 5, 1)
, (39, 1, '2019-04-27', 3, 2)
, (40, 1, '2019-04-27', 7, 3)
, (41, 1, '2019-05-23', 9, 1)
, (42, 1, '2019-06-10', 3, 1)
, (43, 1, '2019-06-15', 7, 2)
, (44, 1, '2019-06-16', 7, 3)
, (45, 1, '2019-07-05', 14, 1)
, (46, 1, '2019-07-13', 8, 2)
, (47, 1, '2019-07-22', 7, 3)
, (48, 1, '2019-08-20', 3, 1)
, (49, 1, '2019-09-08', 6, 1)
, (50, 1, '2019-10-03', 10, 1)
, (51, 1, '2019-10-20', 3, 2)
, (52, 1, '2019-11-17', 8, 1)
, (53, 1, '2019-12-01', 10, 1)
, (54, 1, '2019-12-02', 13, 2)
, (55, 1, '2019-12-06', 4, 3)
, (56, 1, '2019-12-25', 14, 4)
, (57, 1, '2020-01-18', 12, 1)
, (58, 1, '2020-02-03', 5, 1)
, (59, 1, '2020-03-15', 1, 1)
, (60, 1, '2020-04-02', 8, 1)
, (61, 1, '2020-05-17', 10, 1)
, (62, 1, '2020-05-23', 2, 2)
, (63, 1, '2020-05-24', 11, 3)
, (64, 1, '2020-06-04', 12, 1)
, (65, 1, '2020-07-18', 11, 1)
, (66, 1, '2020-07-26', 11, 2)
, (67, 1, '2020-08-25', 13, 1)
, (68, 1, '2020-09-17', 2, 1)
, (69, 1, '2020-09-18', 8, 2)
, (70, 1, '2020-09-27', 1, 3)
, (71, 1, '2020-10-23', 7, 1)
, (72, 1, '2020-10-26', 9, 2)
, (73, 1, '2020-11-06', 6, 1)
, (74, 1, '2020-11-09', 14, 2)
, (75, 1, '2020-11-09', 8, 3)
, (76, 1, '2020-11-25', 14, 4)
, (77, 1, '2020-12-21', 12, 1)
, (78, 1, '2020-12-26', 7, 2)
, (79, 1, '2020-12-27', 4, 3)
, (80, 1, '2020-12-27', 5, 4)
, (81, 1, '2021-01-27', 10, 1)
, (82, 1, '2021-01-27', 11, 2)
, (83, 1, '2021-01-27', 1, 3)
, (84, 1, '2021-01-27', 7, 4)
, (85, 1, '2021-02-23', 10, 1)
, (86, 1, '2021-02-23', 9, 2)
, (87, 1, '2021-03-21', 1, 1)
, (88, 1, '2021-03-25', 4, 2)
, (89, 1, '2021-03-25', 8, 3)
, (90, 1, '2021-04-09', 7, 1)
, (91, 1, '2021-04-18', 7, 2)
, (92, 1, '2021-04-23', 9, 3)
, (93, 1, '2021-04-25', 6, 4)
, (94, 1, '2021-05-22', 7, 1)
, (95, 1, '2021-05-23', 2, 2)
, (96, 1, '2021-05-27', 5, 3)
, (97, 1, '2021-05-27', 3, 4)
, (98, 1, '2021-06-27', 5, 1)
, (99, 1, '2021-06-27', 2, 2)
, (100, 1, '2021-07-19', 3, 1)
, (101, 1, '2021-07-21', 2, 2)
, (102, 1, '2021-07-23', 8, 3)
, (103, 1, '2021-08-27', 3, 1)
, (104, 1, '2021-09-26', 10, 1)
, (105, 1, '2021-09-27', 11, 2)
, (106, 1, '2021-09-27', 10, 3)
, (107, 1, '2021-09-27', 10, 4)
, (108, 1, '2021-10-24', 4, 1)
, (109, 1, '2021-10-26', 5, 2)
, (110, 1, '2021-10-27', 12, 3)
, (111, 1, '2021-10-27', 1, 4)
, (112, 1, '2021-11-17', 8, 1)
, (113, 1, '2021-11-27', 10, 2)
, (114, 1, '2021-11-27', 3, 3)
, (115, 1, '2021-12-14', 9, 1)
, (116, 1, '2021-12-26', 5, 2)
, (117, 2, '2018-01-17', 10, 1)
, (118, 2, '2018-01-19', 9, 2)
, (119, 2, '2018-01-27', 13, 3)
, (120, 2, '2018-01-27', 9, 4)
, (121, 2, '2018-02-05', 8, 1)
, (122, 2, '2018-02-08', 3, 2)
, (123, 2, '2018-03-07', 9, 1)
, (124, 2, '2018-03-27', 14, 2)
, (125, 2, '2018-04-18', 1, 1)
, (126, 2, '2018-05-01', 10, 1)
, (127, 2, '2018-05-02', 14, 2)
, (128, 2, '2018-06-26', 14, 1)
, (129, 2, '2018-07-13', 14, 1)
, (130, 2, '2018-07-24', 12, 2)
, (131, 2, '2018-07-26', 7, 3)
, (132, 2, '2018-07-26', 4, 4)
, (133, 2, '2018-08-13', 3, 1)
, (134, 2, '2018-09-20', 3, 1)
, (135, 2, '2018-09-21', 6, 2)
, (136, 2, '2018-10-01', 10, 1)
, (137, 2, '2018-11-26', 12, 1)
, (138, 2, '2018-11-27', 7, 2)
, (139, 2, '2018-11-27', 4, 3)
, (140, 2, '2018-12-09', 11, 1)
, (141, 2, '2018-12-16', 6, 2)
, (142, 2, '2018-12-24', 12, 3)
, (143, 2, '2019-01-03', 12, 1)
, (144, 2, '2019-01-14', 1, 2)
, (145, 2, '2019-01-27', 11, 3)
, (146, 2, '2019-02-15', 5, 1)
, (147, 2, '2019-03-10', 11, 1)
, (148, 2, '2019-03-15', 3, 2)
, (149, 2, '2019-03-25', 2, 3)
, (150, 2, '2019-03-27', 14, 4)
, (151, 2, '2019-04-13', 11, 1)
, (152, 2, '2019-04-14', 9, 2)
, (153, 2, '2019-04-23', 1, 3)
, (154, 2, '2019-04-24', 3, 4)
, (155, 2, '2019-05-03', 14, 1)
, (156, 2, '2019-05-13', 11, 2)
, (157, 2, '2019-05-14', 11, 3)
, (158, 2, '2019-05-25', 8, 4)
, (159, 2, '2019-06-22', 7, 1)
, (160, 2, '2019-06-26', 5, 2)
, (161, 2, '2019-06-27', 13, 3)
, (162, 2, '2019-06-27', 5, 4)
, (163, 2, '2019-07-22', 13, 1)
, (164, 2, '2019-07-23', 1, 2)
, (165, 2, '2019-08-06', 11, 1)
, (166, 2, '2019-08-06', 13, 2)
, (167, 2, '2019-08-06', 9, 3)
, (168, 2, '2019-09-08', 8, 1)
, (169, 2, '2019-09-16', 8, 2)
, (170, 2, '2019-09-23', 9, 3)
, (171, 2, '2019-10-18', 6, 1)
, (172, 2, '2019-11-20', 4, 1)
, (173, 2, '2019-11-21', 11, 2)
, (174, 2, '2019-11-21', 3, 3)
, (175, 2, '2019-12-27', 8, 1)
, (176, 2, '2019-12-27', 14, 2)
, (177, 2, '2019-12-27', 8, 3)
, (178, 2, '2020-01-23', 4, 1)
, (179, 2, '2020-01-25', 14, 2)
, (180, 2, '2020-02-26', 6, 1)
, (181, 2, '2020-03-23', 7, 1)
, (182, 2, '2020-03-25', 12, 2)
, (183, 2, '2020-04-15', 1, 1)
, (184, 2, '2020-04-16', 1, 2)
, (185, 2, '2020-04-27', 4, 3)
, (186, 2, '2020-05-10', 9, 1)
, (187, 2, '2020-05-22', 7, 2)
, (188, 2, '2020-06-12', 12, 1)
, (189, 2, '2020-06-26', 5, 2)
, (190, 2, '2020-07-25', 14, 1)
, (191, 2, '2020-08-16', 5, 1)
, (192, 2, '2020-09-24', 13, 1)
, (193, 2, '2020-09-27', 1, 2)
, (194, 2, '2020-09-27', 2, 3)
, (195, 2, '2020-10-18', 10, 1)
, (196, 2, '2020-10-22', 6, 2)
, (197, 2, '2020-11-16', 12, 1)
, (198, 2, '2020-11-22', 7, 2)
, (199, 2, '2020-11-25', 7, 3)
, (200, 2, '2020-12-27', 7, 1)
, (201, 2, '2021-01-26', 2, 1)
, (202, 2, '2021-02-18', 10, 1)
, (203, 2, '2021-02-26', 14, 2)
, (204, 2, '2021-02-27', 1, 3)
, (205, 2, '2021-03-01', 4, 1)
, (206, 2, '2021-03-26', 1, 2)
, (207, 2, '2021-04-06', 3, 1)
, (208, 2, '2021-05-21', 9, 1)
, (209, 2, '2021-05-21', 2, 2)
, (210, 2, '2021-06-16', 8, 1)
, (211, 2, '2021-06-24', 9, 2)
, (212, 2, '2021-07-19', 9, 1)
, (213, 2, '2021-07-23', 9, 2)
, (214, 2, '2021-08-09', 13, 1)
, (215, 2, '2021-09-08', 3, 1)
, (216, 2, '2021-10-27', 12, 1)
, (217, 2, '2021-10-27', 1, 2)
, (218, 2, '2021-11-17', 6, 1)
, (219, 2, '2021-11-27', 8, 2)
, (220, 2, '2021-11-27', 14, 3)
, (221, 2, '2021-12-27', 9, 1)
, (222, 2, '2021-12-27', 11, 2)
, (223, 3, '2018-01-09', 10, 1)
, (224, 3, '2018-01-23', 11, 2)
, (225, 3, '2018-02-11', 4, 1)
, (226, 3, '2018-02-14', 5, 2)
, (227, 3, '2018-02-25', 10, 3)
, (228, 3, '2018-02-27', 13, 4)
, (229, 3, '2018-03-11', 13, 1)
, (230, 3, '2018-03-24', 8, 2)
, (231, 3, '2018-03-27', 5, 3)
, (232, 3, '2018-03-27', 6, 4)
, (233, 3, '2018-04-10', 11, 1)
, (234, 3, '2018-04-22', 4, 2)
, (235, 3, '2018-04-26', 2, 3)
, (236, 3, '2018-04-27', 10, 4)
, (237, 3, '2018-05-17', 13, 1)
, (238, 3, '2018-05-21', 2, 2)
, (239, 3, '2018-05-23', 11, 3)
, (240, 3, '2018-05-26', 14, 4)
, (241, 3, '2018-06-22', 8, 1)
, (242, 3, '2018-06-22', 3, 2)
, (243, 3, '2018-06-23', 6, 3)
, (244, 3, '2018-07-25', 7, 1)
, (245, 3, '2018-08-02', 2, 1)
, (246, 3, '2018-08-16', 7, 2)
, (247, 3, '2018-08-20', 1, 3)
, (248, 3, '2018-08-25', 2, 4)
, (249, 3, '2018-09-24', 2, 1)
, (250, 3, '2018-10-23', 2, 1)
, (251, 3, '2018-10-24', 9, 2)
, (252, 3, '2018-10-24', 8, 3)
, (253, 3, '2018-11-09', 9, 1)
, (254, 3, '2018-11-19', 2, 2)
, (255, 3, '2018-11-24', 2, 3)
, (256, 3, '2018-12-10', 11, 1)
, (257, 3, '2018-12-22', 2, 2)
, (258, 3, '2018-12-27', 4, 3)
, (259, 3, '2019-01-03', 5, 1)
, (260, 3, '2019-01-16', 13, 2)
, (261, 3, '2019-01-26', 2, 3)
, (262, 3, '2019-01-27', 8, 4)
, (263, 3, '2019-02-05', 11, 1)
, (264, 3, '2019-02-18', 13, 2)
, (265, 3, '2019-02-24', 1, 3)
, (266, 3, '2019-02-27', 14, 4)
, (267, 3, '2019-03-23', 7, 1)
, (268, 3, '2019-03-23', 4, 2)
, (269, 3, '2019-03-27', 12, 3)
, (270, 3, '2019-04-04', 5, 1)
, (271, 3, '2019-05-21', 3, 1)
, (272, 3, '2019-05-25', 1, 2)
, (273, 3, '2019-06-25', 4, 1)
, (274, 3, '2019-07-01', 4, 1)
, (275, 3, '2019-07-09', 6, 2)
, (276, 3, '2019-07-26', 2, 3)
, (277, 3, '2019-08-17', 5, 1)
, (278, 3, '2019-08-18', 6, 2)
, (279, 3, '2019-09-25', 12, 1)
, (280, 3, '2019-10-25', 13, 1)
, (281, 3, '2019-11-20', 7, 1)
, (282, 3, '2019-11-20', 3, 2)
, (283, 3, '2019-11-24', 8, 3)
, (284, 3, '2019-11-25', 4, 4)
, (285, 3, '2019-12-23', 4, 1)
, (286, 3, '2020-01-07', 12, 1)
, (287, 3, '2020-02-27', 6, 1)
, (288, 3, '2020-03-08', 1, 1)
, (289, 3, '2020-03-12', 14, 2)
, (290, 3, '2020-03-18', 5, 3)
, (291, 3, '2020-04-05', 12, 1)
, (292, 3, '2020-05-01', 5, 1)
, (293, 3, '2020-05-19', 3, 2)
, (294, 3, '2020-05-19', 3, 3)
, (295, 3, '2020-05-26', 2, 4)
, (296, 3, '2020-06-14', 8, 1)
, (297, 3, '2020-07-20', 9, 1)
, (298, 3, '2020-08-21', 13, 1)
, (299, 3, '2020-08-26', 10, 2)
, (300, 3, '2020-09-10', 3, 1)
, (301, 3, '2020-09-24', 3, 2)
, (302, 3, '2020-09-27', 2, 3)
, (303, 3, '2020-10-19', 12, 1)
, (304, 3, '2020-10-20', 13, 2)
, (305, 3, '2020-10-21', 5, 3)
, (306, 3, '2020-11-15', 13, 1)
, (307, 3, '2020-12-01', 8, 1)
, (308, 3, '2021-01-16', 13, 1)
, (309, 3, '2021-01-19', 7, 2)
, (310, 3, '2021-01-21', 14, 3)
, (311, 3, '2021-02-06', 6, 1)
, (312, 3, '2021-02-17', 8, 2)
, (313, 3, '2021-03-02', 1, 1)
, (314, 3, '2021-04-15', 7, 1)
, (315, 3, '2021-04-26', 7, 2)
, (316, 3, '2021-05-14', 4, 1)
, (317, 3, '2021-05-26', 9, 2)
, (318, 3, '2021-05-27', 13, 3)
, (319, 3, '2021-05-27', 14, 4)
, (320, 3, '2021-06-12', 7, 1)
, (321, 3, '2021-06-14', 9, 2)
, (322, 3, '2021-06-22', 10, 3)
, (323, 3, '2021-07-23', 4, 1)
, (324, 3, '2021-07-24', 14, 2)
, (325, 3, '2021-07-24', 12, 3)
, (326, 3, '2021-08-17', 5, 1)
, (327, 3, '2021-09-20', 6, 1)
, (328, 3, '2021-09-24', 5, 2)
, (329, 3, '2021-09-25', 5, 3)
, (330, 3, '2021-09-26', 11, 4)
, (331, 3, '2021-10-21', 5, 1)
, (332, 3, '2021-10-25', 10, 2)
, (333, 3, '2021-10-25', 6, 3)
, (334, 3, '2021-11-26', 2, 1)
, (335, 3, '2021-12-21', 3, 1)
, (336, 3, '2021-12-27', 9, 2)
, (337, 3, '2021-12-27', 3, 3)
, (338, 3, '2021-12-27', 10, 4)
;

INSERT INTO Acquirente VALUES
  ('Mario Rossi', 'privato')
, ('Paolo Rossi', 'grossista')
, ('Alcampo', 'grande distribuzione')
;

INSERT INTO Vendita VALUES
  (2, 'Paolo Rossi', '2020-01-11', 1, 12)
, (5, 'Paolo Rossi', '2020-01-02', 1, 24)
, (10, 'Paolo Rossi', '2020-01-19', 1, 36)
, (14, 'Paolo Rossi', '2020-01-05', 1, 36)
, (16, 'Mario Rossi', '2020-02-28', 2, 36)
, (17, 'Mario Rossi', '2020-02-03', 1, 30)
, (20, 'Mario Rossi', '2020-02-15', 1, 24)
, (23, 'Paolo Rossi', '2020-02-18', 1, 36)
, (28, 'Paolo Rossi', '2020-02-10', 2, 30)
, (32, 'Paolo Rossi', '2020-03-21', 1, 24)
, (36, 'Alcampo', '2020-03-28', 2, 24)
, (41, 'Paolo Rossi', '2020-03-21', 1, 12)
, (44, 'Paolo Rossi', '2020-03-19', 2, 12)
, (48, 'Paolo Rossi', '2020-03-15', 1, 30)
, (52, 'Alcampo', '2020-03-01', 1, 24)
, (57, 'Alcampo', '2020-04-22', 1, 24)
, (59, 'Paolo Rossi', '2020-04-28', 1, 36)
, (64, 'Paolo Rossi', '2020-04-19', 1, 12)
, (69, 'Paolo Rossi', '2020-04-20', 1, 24)
, (74, 'Alcampo', '2020-04-01', 1, 30)
, (79, 'Mario Rossi', '2020-05-26', 1, 36)
, (81, 'Mario Rossi', '2020-05-07', 1, 12)
, (86, 'Paolo Rossi', '2020-05-03', 1, 36)
, (91, 'Paolo Rossi', '2020-05-11', 1, 30)
, (95, 'Mario Rossi', '2020-05-26', 1, 24)
, (97, 'Mario Rossi', '2020-05-10', 1, 30)
, (100, 'Paolo Rossi', '2020-06-20', 2, 30)
, (105, 'Alcampo', '2020-06-20', 1, 24)
, (110, 'Paolo Rossi', '2020-06-24', 1, 24)
, (113, 'Paolo Rossi', '2020-07-17', 1, 24)
, (117, 'Paolo Rossi', '2020-07-18', 2, 30)
, (119, 'Paolo Rossi', '2020-07-07', 2, 12)
, (122, 'Alcampo', '2020-07-02', 1, 36)
, (124, 'Alcampo', '2020-07-16', 1, 36)
, (129, 'Alcampo', '2020-08-09', 2, 24)
, (132, 'Alcampo', '2020-08-01', 2, 36)
, (136, 'Mario Rossi', '2020-09-01', 2, 12)
, (140, 'Mario Rossi', '2020-09-01', 2, 12)
, (144, 'Paolo Rossi', '2020-09-23', 2, 30)
, (147, 'Alcampo', '2020-10-21', 1, 12)
, (152, 'Alcampo', '2020-10-12', 2, 24)
, (153, 'Mario Rossi', '2020-10-20', 1, 36)
, (158, 'Alcampo', '2020-11-26', 2, 24)
, (161, 'Mario Rossi', '2020-11-25', 1, 36)
, (163, 'Mario Rossi', '2020-12-08', 2, 24)
, (167, 'Mario Rossi', '2020-12-13', 2, 12)
, (170, 'Mario Rossi', '2020-12-20', 1, 30)
, (174, 'Alcampo', '2021-01-13', 1, 30)
, (176, 'Alcampo', '2021-01-12', 1, 30)
, (178, 'Paolo Rossi', '2021-01-14', 2, 30)
, (183, 'Paolo Rossi', '2021-01-24', 2, 24)
, (187, 'Alcampo', '2021-01-13', 1, 24)
, (191, 'Alcampo', '2021-02-25', 2, 12)
, (194, 'Mario Rossi', '2021-02-21', 2, 12)
, (196, 'Paolo Rossi', '2021-02-03', 1, 24)
, (201, 'Alcampo', '2021-02-15', 1, 36)
, (203, 'Mario Rossi', '2021-02-18', 2, 36)
, (204, 'Alcampo', '2021-03-28', 1, 30)
, (206, 'Mario Rossi', '2021-03-20', 2, 24)
, (208, 'Paolo Rossi', '2021-03-01', 2, 36)
, (213, 'Mario Rossi', '2021-04-23', 2, 36)
, (216, 'Mario Rossi', '2021-04-17', 1, 36)
, (218, 'Paolo Rossi', '2021-04-23', 1, 36)
, (222, 'Mario Rossi', '2021-04-19', 2, 24)
, (225, 'Mario Rossi', '2021-05-08', 2, 30)
, (230, 'Mario Rossi', '2021-05-02', 1, 36)
, (232, 'Paolo Rossi', '2021-05-10', 2, 24)
, (234, 'Paolo Rossi', '2021-06-17', 2, 24)
, (239, 'Paolo Rossi', '2021-06-08', 2, 36)
, (241, 'Mario Rossi', '2021-06-02', 1, 24)
, (243, 'Paolo Rossi', '2021-06-14', 2, 12)
, (247, 'Mario Rossi', '2021-06-17', 1, 36)
, (250, 'Paolo Rossi', '2021-06-28', 2, 30)
, (253, 'Mario Rossi', '2021-07-06', 2, 24)
, (257, 'Mario Rossi', '2021-07-23', 2, 24)
, (260, 'Mario Rossi', '2021-08-13', 2, 30)
, (264, 'Paolo Rossi', '2021-08-07', 2, 36)
, (267, 'Mario Rossi', '2021-08-11', 2, 30)
, (271, 'Mario Rossi', '2021-08-18', 1, 12)
, (272, 'Mario Rossi', '2021-08-20', 2, 36)
, (276, 'Paolo Rossi', '2021-09-22', 2, 12)
, (280, 'Paolo Rossi', '2021-09-07', 1, 24)
, (283, 'Mario Rossi', '2021-09-01', 1, 12)
, (287, 'Mario Rossi', '2021-09-08', 2, 36)
, (292, 'Mario Rossi', '2021-10-04', 1, 36)
, (297, 'Alcampo', '2021-10-25', 1, 24)
, (300, 'Mario Rossi', '2021-10-24', 2, 12)
, (304, 'Alcampo', '2021-11-23', 1, 12)
, (307, 'Alcampo', '2021-11-28', 1, 30)
, (312, 'Alcampo', '2021-11-23', 2, 24)
, (314, 'Paolo Rossi', '2021-12-10', 2, 30)
, (316, 'Alcampo', '2021-12-04', 1, 36)
, (320, 'Alcampo', '2021-12-16', 1, 30)
, (323, 'Paolo Rossi', '2021-12-06', 2, 24)
, (325, 'Paolo Rossi', '2021-12-05', 1, 12)
, (327, 'Paolo Rossi', '2021-12-16', 2, 30)
, (329, 'Alcampo', '2022-01-04', 1, 12)
, (332, 'Alcampo', '2022-01-06', 1, 24)
, (334, 'Alcampo', '2022-01-05', 1, 36)
, (336, 'Paolo Rossi', '2022-01-08', 2, 30)
, (338, 'Paolo Rossi', '2022-01-24', 2, 36)
;

COMMIT;

--
-- END
--

